"Ano/mês atendimento";"Menor 1 ano";"1 a 4 anos";"5 a 9 anos";"10 a 14 anos";"15 a 19 anos";"20 a 29 anos";"30 a 39 anos";"40 a 49 anos";"50 a 59 anos";"60 a 69 anos";"70 a 79 anos";"80 anos e mais";"Total"
"2009";6;1;5;2;1;1;3;1;4;5;12;4;45
"..Novembro/2009";-;-;1;1;-;-;-;-;-;-;2;1;5
"..Dezembro/2009";6;1;4;1;1;1;3;1;4;5;10;3;40
"2010";99;143;112;36;35;68;47;81;89;102;151;157;1120
"..Janeiro/2010";5;7;7;-;3;6;3;4;5;4;7;12;63
"..Fevereiro/2010";9;15;6;2;2;5;6;9;3;6;17;15;95
"..Março/2010";6;16;8;2;3;8;3;3;2;9;11;9;80
"..Abril/2010";12;12;11;5;3;3;4;7;11;7;5;12;92
"..Maio/2010";14;15;13;2;5;9;9;10;7;10;13;14;121
"..Junho/2010";22;12;8;5;5;4;9;5;8;6;16;7;107
"..Julho/2010";14;16;13;5;2;5;5;3;10;12;20;24;129
"..Agosto/2010";4;10;11;-;5;7;-;10;10;10;15;18;100
"..Setembro/2010";7;13;8;7;4;4;1;11;10;14;22;14;115
"..Outubro/2010";2;9;12;4;-;7;3;6;8;11;8;14;84
"..Novembro/2010";3;10;8;1;1;6;2;9;10;8;9;10;77
"..Dezembro/2010";1;8;7;3;2;4;2;4;5;5;8;8;57
"2011";115;151;107;38;32;65;68;79;114;158;227;228;1382
"..Janeiro/2011";2;10;12;3;1;3;5;10;7;13;15;12;93
"..Fevereiro/2011";5;8;9;3;2;6;2;11;7;14;17;12;96
"..Março/2011";5;15;3;6;5;10;4;14;10;16;19;17;124
"..Abril/2011";15;24;10;5;6;3;10;6;11;8;24;19;141
"..Maio/2011";29;18;13;4;2;6;5;10;12;16;29;21;165
"..Junho/2011";12;15;9;3;1;4;8;6;14;10;15;27;124
"..Julho/2011";12;10;12;4;2;4;7;4;5;17;25;24;126
"..Agosto/2011";7;6;12;1;4;8;8;6;14;17;16;22;121
"..Setembro/2011";10;12;13;3;3;4;5;3;9;15;18;24;119
"..Outubro/2011";10;10;5;4;3;7;5;4;9;10;12;14;93
"..Novembro/2011";3;15;3;-;1;7;5;1;13;12;18;18;96
"..Dezembro/2011";5;8;6;2;2;3;4;4;3;10;19;18;84
"2012";185;190;106;52;36;49;52;79;141;120;213;257;1480
"..Janeiro/2012";9;15;3;2;2;3;-;5;9;9;13;18;88
"..Fevereiro/2012";8;9;8;1;4;3;3;5;7;7;13;17;85
"..Março/2012";7;7;10;3;5;4;7;3;10;10;15;14;95
"..Abril/2012";20;15;10;1;3;2;5;5;7;5;14;20;107
"..Maio/2012";35;23;5;5;4;6;2;3;12;11;15;24;145
"..Junho/2012";30;17;12;5;1;6;4;8;8;12;21;21;145
"..Julho/2012";25;19;10;5;4;9;5;13;15;17;40;39;201
"..Agosto/2012";14;22;7;11;3;5;3;12;23;11;22;23;156
"..Setembro/2012";10;16;11;7;1;3;4;7;13;11;21;18;122
"..Outubro/2012";13;16;12;8;5;6;5;8;15;11;14;24;137
"..Novembro/2012";7;17;9;2;2;-;8;7;7;9;11;26;105
"..Dezembro/2012";7;14;9;2;2;2;6;3;15;7;14;13;94
"2013";211;220;131;52;40;76;70;91;147;225;282;373;1918
"..Janeiro/2013";14;8;4;3;5;2;7;7;11;12;26;24;123
"..Fevereiro/2013";4;11;11;7;4;4;8;4;10;16;23;23;125
"..Março/2013";7;11;12;3;7;6;5;5;10;14;28;30;138
"..Abril/2013";26;29;16;4;-;9;4;5;14;19;18;31;175
"..Maio/2013";49;21;5;2;1;4;6;14;16;23;41;27;209
"..Junho/2013";32;32;10;2;3;10;5;8;20;20;27;42;211
"..Julho/2013";30;24;12;8;2;9;7;13;17;22;19;45;208
"..Agosto/2013";14;21;14;5;2;6;7;10;8;23;25;41;176
"..Setembro/2013";7;20;16;4;2;5;3;7;18;25;20;32;159
"..Outubro/2013";11;12;9;7;8;5;5;5;7;17;16;31;133
"..Novembro/2013";9;21;13;3;3;6;5;5;8;14;20;24;131
"..Dezembro/2013";8;10;9;4;3;10;8;8;8;20;19;23;130
"2014";156;215;108;39;40;66;61;107;197;185;291;348;1813
"..Janeiro/2014";6;11;17;9;4;12;1;12;10;8;21;29;140
"..Fevereiro/2014";6;19;11;6;2;7;4;8;15;18;21;27;144
"..Março/2014";8;15;10;1;6;6;5;10;16;7;30;32;146
"..Abril/2014";6;37;8;2;2;5;4;9;11;29;36;31;180
"..Maio/2014";29;34;16;5;5;2;5;9;27;24;43;33;232
"..Junho/2014";43;28;8;4;1;6;9;8;28;25;29;36;225
"..Julho/2014";16;19;8;5;8;8;10;6;21;10;21;37;169
"..Agosto/2014";10;12;8;2;1;3;4;12;15;17;20;35;139
"..Setembro/2014";11;14;7;2;3;4;3;8;19;13;20;22;126
"..Outubro/2014";4;7;6;2;5;6;7;12;8;10;21;21;109
"..Novembro/2014";4;7;7;1;2;2;6;9;10;6;11;24;89
"..Dezembro/2014";13;12;2;-;1;5;3;4;17;18;18;21;114
"2015";137;127;61;18;14;44;50;82;134;188;285;370;1510
"..Janeiro/2015";3;8;4;3;2;8;5;7;11;16;23;28;118
"..Fevereiro/2015";4;18;12;2;1;5;2;7;11;15;25;24;126
"..Março/2015";6;9;5;1;3;5;6;5;11;14;12;23;100
"..Abril/2015";8;16;9;3;-;2;3;7;11;21;24;28;132
"..Maio/2015";20;14;9;2;2;3;2;10;7;15;31;32;147
"..Junho/2015";36;18;2;-;1;1;3;12;16;13;19;39;160
"..Julho/2015";29;14;8;3;1;3;2;11;25;18;32;60;206
"..Agosto/2015";9;12;8;-;1;6;4;6;8;14;35;40;143
"..Setembro/2015";10;8;2;-;-;4;3;7;10;17;31;24;116
"..Outubro/2015";3;5;-;1;2;3;7;5;13;20;25;29;113
"..Novembro/2015";4;3;2;1;1;2;6;1;2;16;14;17;69
"..Dezembro/2015";5;2;-;2;-;2;7;4;9;9;14;26;80
"2016";118;98;36;20;18;32;47;45;136;238;248;348;1384
"..Janeiro/2016";4;1;3;-;1;2;5;4;10;18;17;28;93
"..Fevereiro/2016";3;4;-;4;-;7;5;6;4;12;21;18;84
"..Março/2016";6;8;5;4;2;2;6;4;20;21;25;26;129
"..Abril/2016";4;14;3;1;-;3;4;8;12;31;36;40;156
"..Maio/2016";22;15;7;1;1;1;5;7;16;31;19;34;159
"..Junho/2016";30;10;6;1;1;1;2;1;12;29;33;33;159
"..Julho/2016";21;5;2;2;2;7;2;3;10;25;14;39;132
"..Agosto/2016";11;7;2;3;3;2;2;4;14;17;21;34;120
"..Setembro/2016";3;6;4;-;7;2;1;3;7;17;18;25;93
"..Outubro/2016";7;10;3;2;1;1;3;2;12;13;20;27;101
"..Novembro/2016";5;8;-;1;-;2;6;1;14;16;14;22;89
"..Dezembro/2016";2;10;1;1;-;2;6;2;5;8;10;22;69
"2017";102;81;30;14;17;37;39;40;107;175;207;234;1083
"..Janeiro/2017";1;2;1;-;1;4;1;2;6;13;9;17;57
"..Fevereiro/2017";-;5;1;-;-;1;3;1;8;11;12;11;53
"..Março/2017";5;7;-;-;1;2;3;7;12;15;21;26;99
"..Abril/2017";14;12;4;2;2;1;6;3;11;21;26;20;122
"..Maio/2017";22;17;3;2;1;1;2;3;16;21;23;17;128
"..Junho/2017";25;4;4;3;2;5;1;6;10;16;12;25;113
"..Julho/2017";14;3;6;1;-;2;2;5;6;14;17;26;96
"..Agosto/2017";5;5;1;3;-;1;4;1;8;13;17;19;77
"..Setembro/2017";7;13;2;1;4;5;6;3;11;17;19;22;110
"..Outubro/2017";4;7;4;2;3;6;6;1;10;13;13;14;83
"..Novembro/2017";4;4;2;-;2;4;2;2;4;8;16;21;69
"..Dezembro/2017";1;2;2;-;1;5;3;6;5;13;22;16;76
"2018";81;83;24;15;19;42;32;52;97;174;196;222;1037
"..Janeiro/2018";3;5;-;-;-;6;-;5;6;19;12;7;63
"..Fevereiro/2018";4;1;5;-;1;5;-;5;9;11;7;10;58
"..Março/2018";7;10;2;2;-;3;5;3;1;12;15;16;76
"..Abril/2018";7;7;2;2;3;1;3;5;5;18;15;18;86
"..Maio/2018";14;6;-;-;4;3;3;4;8;15;16;25;98
"..Junho/2018";18;10;3;1;1;1;2;2;7;21;17;37;120
"..Julho/2018";13;6;3;-;1;7;4;7;10;23;24;29;127
"..Agosto/2018";4;8;2;3;1;3;4;3;8;8;22;22;88
"..Setembro/2018";3;6;1;-;1;-;6;3;13;13;14;14;74
"..Outubro/2018";4;8;1;2;1;3;4;9;14;9;17;14;86
"..Novembro/2018";3;8;4;3;5;4;1;3;7;13;17;17;85
"..Dezembro/2018";1;8;1;2;1;6;-;3;9;12;20;13;76
"2019";67;60;27;12;3;26;29;32;93;122;160;241;872
"..Janeiro/2019";-;5;2;1;1;1;1;11;12;6;7;16;63
"..Fevereiro/2019";1;1;1;-;-;2;1;1;13;6;18;13;57
"..Março/2019";1;2;2;-;1;3;3;4;2;18;11;21;68
"..Abril/2019";12;8;3;-;-;2;3;1;6;8;13;16;72
"..Maio/2019";18;10;6;2;-;2;2;3;6;9;8;17;83
"..Junho/2019";12;7;2;-;1;4;8;-;12;11;14;28;99
"..Julho/2019";5;4;1;-;-;4;3;2;8;15;27;27;96
"..Agosto/2019";3;5;2;3;-;2;5;2;8;12;20;27;89
"..Setembro/2019";4;3;2;4;-;-;1;1;7;11;10;20;63
"..Outubro/2019";5;8;2;1;-;3;1;4;3;16;9;23;75
"..Novembro/2019";3;3;2;-;-;1;1;3;8;6;14;18;59
"..Dezembro/2019";3;4;2;1;-;2;-;-;8;4;9;15;48
"Total";1277;1369;747;298;255;506;498;689;1259;1692;2272;2782;13644
&